Stratford,51.54189,-0.00106
Pepper Hill,51.43021,0.33285
Chertsey,51.39127,-0.50351
Bath,51.38116,-2.36876
Chichester,50.84339,-0.75631
Eltham,51.45000,0.05737
Colchester Ave,51.49562,-3.14801
Pimlico,51.49302,-0.14121
Washington CS,54.90091,-1.53308
Lee Grn,51.45582,0.01042
East Ham,51.53406,0.05238
East Grinstead,51.12564,-0.01751
Wimbledon,51.42100,-0.20855
Crayford,51.44917,0.17882
Lords Hill,50.94141,-1.44906
Locksbottom,51.36610,0.05546
Tunbridge Wells,51.12324,0.25577
Lewes Rd,50.83711,-0.12593
Warlingham,51.30755,-0.04328
Streatham Common,51.41949,-0.12938
West Grn,51.12292,-0.19347
Sedlescombe Rd,50.88811,0.55012
Larkfield,51.29246,0.47451
Bexhill,50.84088,0.47082
Northampton,52.23902,-0.89493
New Cross Gate,51.47716,-0.04234
Chingford,51.61658,-0.01931
Barkingside,51.58836,0.08172
Lewisham,51.46174,-0.01272
North Cheam,51.37181,-0.22487
Kings Heath,52.43126,-1.89334
West Ealing,51.50923,-0.32488
Washington PFS,54.90240,-1.52910
Canterbury,51.28458,1.08559
Bromley,51.40666,0.01451
Hempstead Valley CS,51.34201,0.57339
West Hove,50.84232,-0.20484
Purley Way,51.37575,-0.11778
Blackpole,52.21138,-2.19578
Dulwich,51.46202,-0.08496
Whitstable,51.35752,1.06137
West Park Farm,51.09430,1.16595
Lyons Farm,50.83644,-0.36726
Bybrook,51.15861,0.86737
Farnham,51.21519,-0.79651
Kingswood,51.46371,-2.50824
Hampden Park,50.79352,0.27975
Sevenoaks,51.29630,0.19309
Apsley Mill PFS,51.73526,-0.46419
Hitchin,51.95115,-0.27525
Hendon PFS,51.58328,-0.24423
Debden,51.64635,0.08201
Kiln Lane PFS,51.34000,-0.25700
Wandsworth,51.45454,-0.19193
Rayleigh Weir,51.57510,0.60014
Hayes PFS,51.51636,-0.40690
Pepper Hill PFS,51.42868,0.33227
Fairfield Park PFS,52.14653,-0.48515
Rhyl PFS,53.30371,-3.46769
Tewkesbury Rd PFS,51.91754,-2.10380
Broadcut PFS,50.85777,-1.17404
Farlington PFS,50.84169,-1.04069
East Prescot PFS,53.41626,-2.90022
Winterstoke Rd PFS,51.43379,-2.61790
Truro PFS,50.26183,-5.06926
Market Harbrough PFS,52.47601,-0.91519
Bramingham Park PFS,51.92005,-0.43660
St Albans PFS,51.74379,-0.34220
Dunstable PFS,51.88774,-0.50976
Shorehead PFS,53.64678,-1.77769
Bybrook PFS,51.15805,0.87077
Fosse Park PFS,52.59749,-1.18361
Hankridge Farm PFS,51.02071,-3.06317
Enfield PFS,51.65315,-0.05785
Bagshot Rd PFS,51.39279,-0.74250
Coreys Mill PFS,51.92504,-0.21883
Thetford PFS,52.40488,0.72273
Hampden Park PFS,50.79224,0.27882
Surbiton,51.39153,-0.30795
Watchmoor Park PFS,51.32108,-0.76219
Paignton PFS,50.42169,-3.58861
Kidderminster PFS,52.38993,-2.25266
Low Hall PFS,51.60336,-0.01770
Shrewsbury PFS,52.68716,-2.75411
Newton Abbot PFS,50.52390,-3.59516
Lincoln PFS,53.20527,-0.57832
Oldbury PFS,52.50288,-2.01871
Ripley PFS,53.05313,-1.39557
Hanley PFS,53.02603,-2.18437
Haywards Heath,51.00646,-0.10670
South Woodford,51.59346,0.02400
Frome PFS,51.21674,-2.33355
Calcot CS,51.44294,-1.06141
New Barnet,51.64941,-0.17163
Coldhams Lane PFS,52.20027,0.15846
Blackpole PFS,52.21008,-2.19357
Worle PFS,51.36041,-2.91002
Lords Hill PFS,50.94072,-1.44980
Ladbroke Grove PFS,51.52542,-0.21677
Stevenage PFS,51.89493,-0.16020
Chertsey PFS,51.39050,-0.50409
Tonbridge PFS,51.19208,0.27376
Perton PFS,52.59607,-2.20223
Birkenhead PFS,53.37472,-3.04765
Colchester Ave PFS,51.49617,-3.14657
Chester PFS,53.18467,-2.85543
Thorley PFS,51.85795,0.14604
Hull PFS,53.72406,-0.41914
Thornhill PFS,51.53811,-3.19500
Warrington PFS,53.39241,-2.58206
Warren Heath PFS,52.03583,1.20846
Crayford PFS,51.45015,0.17777
Stratton PFS,51.57713,-1.73033
Kingsway PFS,52.92125,-1.50739
Castle Boulevard PFS,52.94531,-1.16469
Grimsby PFS,53.57064,-0.08530
Barnwood PFS,51.86480,-2.19982
Hedge End PFS,50.91799,-1.31426
Kempshott PFS,51.23394,-1.13900
Tamworth PFS,52.62808,-1.70463
Bamber Bridge PFS,53.72145,-2.66902
Weedon Rd PFS,52.23861,-0.93560
Purley Way PFS,51.37517,-0.11752
Harrogate PFS,53.98564,-1.49773
Bridgwater PFS,51.13207,-2.99714
Wrexham PFS,53.05571,-3.00904
Reedswood PFS,52.59652,-1.99977
Calcot PFS,51.44170,-1.06024
Muswell Hill,51.59002,-0.14537
Golders Grn,51.57076,-0.19455
Badger Farm PFS,51.04588,-1.34165
Eastbourne Arndale C,50.76977,0.28482
Basingstoke,51.26742,-1.08771
Emerson Grn PFS,51.49166,-2.47185
East Mayne PFS,51.59198,0.50172
Chislehurst,51.41882,0.06651
Leamington PFS,52.27990,-1.54811
Denton PFS,53.45586,-2.13038
Middlesbrough PFS,54.57787,-1.24211
Court House Grn PFS,52.42698,-1.48474
Rugby PFS,52.34951,-1.27590
Chesterfield PFS,53.25383,-1.41662
Heyford Hill PFS,51.72115,-1.23103
Redditch PFS,52.31593,-1.93792
Peterborough PFS,52.58794,-0.21472
Whitley Bay PFS,55.04414,-1.47914
Kidlington PFS,51.80920,-1.27835
Chichester PFS,50.84322,-0.75761
Telford PFS,52.68037,-2.45159
Springfield PFS,51.75105,0.51272
West Grn PFS,51.12284,-0.19486
Preston PFS,53.77574,-2.68820
Pinhoe Rd PFS,50.73427,-3.48043
West Hove PFS,50.84037,-0.20557
Ellesmere Port PFS,53.26233,-2.88042
Monks Cross PFS,53.98640,-1.04774
Whitstable PFS,51.35885,1.06361
West Park PFS,51.09521,1.16405
Alperton PFS,51.53827,-0.29997
Darnley PFS,55.80531,-4.34217
Torquay PFS,50.48823,-3.55702
Upton PFS,53.37986,-3.09998
Alton PFS,51.14616,-0.97630
Hampton,51.42637,-0.37767
Hornchurch,51.56309,0.21818
Tonbridge,51.19235,0.27505
Walthamstow,51.58256,-0.02734
Talbot Heath PFS,50.74004,-1.91244
Barnstaple PFS,51.06612,-4.08246
Edenthorpe PFS,53.54687,-1.07796
Folkestone,51.07849,1.17476
Lyons Farm PFS,50.83542,-0.36590
Aylesbury,51.81773,-0.81262
Sunderland PFS,54.88556,-1.40568
Ripley CS,53.05406,-1.39704
Dewsbury PFS,53.68791,-1.62354
St Clares PFS,51.43510,-0.37582
Cwmbran PFS,51.65304,-3.02439
Blackhall PFS,55.95792,-3.24398
Braintree,51.87891,0.55281
Chiswick,51.49351,-0.26548
Beckenham,51.40591,-0.03063
Cromwell Rd,51.49527,-0.18851
Pound Lane PFS,52.62974,1.36012
Salford PFS,53.47687,-2.26498
Durham PFS,54.80791,-1.57855
Chippenham PFS,51.44885,-2.14627
Haverhill PFS,52.09206,0.41089
Letchworth PFS,51.98204,-0.20490
Bridgemead PFS,51.55934,-1.81159
Cannock PFS,52.67576,-2.01646
Chaddesden PFS,52.91713,-1.43404
Godalming CS,51.18640,-0.60360
Hadleigh Rd CS,52.05889,1.13208
Northwich CS,53.26367,-2.50804
Shorehead CS,53.64677,-1.77596
Darnley CS,55.80615,-4.34412
Hedge End CS,50.92003,-1.31322
Sevenoaks CS,51.29630,0.19309
Alperton CS,51.53867,-0.30337
Chichester CS,50.84339,-0.75631
Heyford Hill CS,51.72169,-1.23240
Warren Heath CS,52.03667,1.20601
Bury St Edmunds CS,52.23919,0.73723
Stratton CS,51.57697,-1.72854
Kingsway CS,52.92076,-1.50955
Colchester Ave CS,51.49562,-3.14801
Crayford CS,51.44917,0.17882
Castle Court CS,51.44389,-2.55945
Monks Cross CS,53.98697,-1.04954
Lyons Farm CS,50.83644,-0.36726
Hereford CS,52.05475,-2.72480
Purley Way CS,51.37575,-0.11778
Kempshott CS,51.23553,-1.13920
Weedon Rd CS,52.23948,-0.93738
Barnwood CS,51.86520,-2.20064
East Filton CS,51.50788,-2.55293
Tamworth CS,52.62745,-1.70635
Bamber Bridge CS,53.72224,-2.66795
Longwater CS,52.65305,1.18357
Bridgwater CS,51.13286,-2.99617
Denton CS,53.45471,-2.13257
Rugby CS,52.35078,-1.27391
Dome Roundabout CS,51.68132,-0.38816
Cobham CS,51.33629,-0.42138
Streatham Common CS,51.41949,-0.12938
Chesterfield CS,53.25389,-1.41784
Queens Rd CS,52.62212,1.29341
Dewsbury CS,53.68909,-1.62388
Wellingborough CS,52.29226,-0.72071
Bridgemead CS,51.55808,-1.81056
Bramingham Park CS,51.92076,-0.43540
Pound Lane CS,52.63034,1.36191
Redditch CS,52.31305,-1.93887
Peterborough CS,52.58755,-0.21232
Thetford CS,52.40411,0.72079
Court House Grn CS,52.42671,-1.48225
Whitley Bay CS,55.04400,-1.48033
Swansea CS,51.61995,-3.93540
Kilburn,51.53865,-0.19403
Sunderland CS,54.88475,-1.40776
Springfield CS,51.75240,0.51302
West Grn CS,51.12292,-0.19347
Larkfield CS,51.29246,0.47451
Preston CS,53.77584,-2.68659
West Hove CS,50.84232,-0.20484
Wrexham CS,53.05728,-3.00832
West Park Farm CS,51.09430,1.16595
Ellesmere Port CS,53.26318,-2.87905
East Mayne CS,51.59067,0.50034
Hampden Park CS,50.79352,0.27975
Horsham CS,51.06083,-0.33213
Edenthorpe CS,53.54534,-1.07660
Cameron Toll PFS,55.92608,-3.16597
Low Hall CS,51.60425,-0.02071
South Harrow,51.56234,-0.35676
Hankridge Farm CS,51.02172,-3.06107
Kingston,51.40972,-0.30311
Biggleswade CS,52.09337,-0.27371
Central Croydon,51.37685,-0.10008
Pinhoe Rd CS,50.73321,-3.48026
Woolwich,51.49099,0.06372
Torquay CS,50.48765,-3.55507
Christchurch CS,50.74419,-1.74184
East Prescot Rd CS,53.41533,-2.89833
Reedswood CS,52.59676,-1.99813
Truro CS,50.26158,-5.06792
Talbot Heath CS,50.73877,-1.91192
Selly Oak CS,52.44052,-1.93955
Chippenham CS,51.44899,-2.14791
Barnstaple CS,51.06694,-4.08410
Kidderminster CS,52.39137,-2.25407
Salford CS,53.47702,-2.26789
Dunstable CS,51.88902,-0.51244
Durham CS,54.80679,-1.57980
Letchworth CS,51.98199,-0.20384
Fosse Park CS,52.59882,-1.18380
Cannock CS,52.67392,-2.01638
Chaddesden CS,52.91603,-1.43379
Lincoln CS,53.20500,-0.58070
Upton CS,53.38009,-3.10305
Canley CS,52.40177,-1.55514
Coreys Mill CS,51.92443,-0.21965
Newbury CS,51.39860,-1.31979
Sedlescombe Rd CS,50.88811,0.55012
Fairfield Park CS,52.14554,-0.48578
Hayes CS,51.51545,-0.40324
Apsley Mills CS,51.73628,-0.46543
East Kilbride CS,55.78266,-4.17097
Blackhall CS,55.95752,-3.24085
Marsh Mills CS,50.38896,-4.08721
Enfield CS,51.65196,-0.05762
Farlington CS,50.84052,-1.03926
Bybrook CS,51.15861,0.86737
Winterstoke Rd CS,51.43357,-2.61964
Ferndown CS,50.81164,-1.87549
Brookwood CS,51.31202,-0.62540
Cwmbran CS,51.65277,-3.02511
Pepper Hill CS,51.43021,0.33285
Great Yarmouth CS,52.61057,1.73032
Broadcut CS,50.85891,-1.17453
Rhyl CS,53.30270,-3.46851
Horsham,51.06083,-0.33213
Merton PFS,51.41439,-0.18262
London Colney CS,51.71591,-0.28695
London Colney PFS,51.71698,-0.28107
Banbury CS,52.05061,-1.33347
Leeds Colton CS,53.79463,-1.43532
Ilford,51.55656,0.06985
Harlow,51.77412,0.09291
Thorley,51.85821,0.14374
Forest Hill,51.43995,-0.05556
Harringay,51.57721,-0.09568
Chadwell Heath,51.57188,0.13458
Warren Heath,52.03667,1.20601
Newbury Park,51.58144,0.08721
Stevenage,51.89468,-0.15891
Bury St Edmunds,52.23919,0.73723
Queens Rd,52.62212,1.29341
Great Yarmouth,52.61057,1.73032
Springfield,51.75240,0.51302
West Wickham,51.37681,-0.01496
Peterborough,52.58755,-0.21232
Luton,51.88281,-0.42312
Haverhill,52.09184,0.41331
Winchmore Hill,51.62942,-0.09845
Letchworth,51.98199,-0.20384
Hadleigh Rd,52.05889,1.13208
Worksop CS,53.31117,-1.14554
Swadlincote CS,52.77344,-1.56454
Biggleswade,52.09337,-0.27371
Frome CS,51.21585,-2.33365
Hanley CS,53.02615,-2.18274
Kettering PFS,52.40373,-0.72709
Hadleigh Rd PFS,52.05781,1.13371
Low Hall,51.60425,-0.02071
Coreys Mill,51.92443,-0.21965
Tunbridge Wells PFS,51.12254,0.25257
Marsh Mills PFS,50.38957,-4.08792
Biggleswade PFS,52.09284,-0.27226
Southend,51.54070,0.70916
Pound Lane,52.63034,1.36191
Halifax CS,53.72568,-1.85606
East Mayne,51.59067,0.50034
Enfield,51.65196,-0.05762
Newhaven Harbour PFS,50.79850,0.06084
Bradford PFS,53.82973,-1.71293
Horsham PFS,51.06102,-0.33362
Longwater PFS,52.65166,1.18449
Amblecote PFS,52.47152,-2.12899
Cheadle PFS,53.37805,-2.21662
Dome Roundabout PFS,51.68164,-0.39154
Banbury PFS,52.05081,-1.33567
Whitechapel,51.52110,-0.05864
Glen Rd PFS,52.59366,-1.07036
Harlow PFS,51.77465,0.09486
Ferndown PFS,50.81080,-1.87630
Leeds Colton PFS,53.79314,-1.43248
Swadlincote PFS,52.77344,-1.56256
Staines PFS,51.43320,-0.52166
Kimberley PFS,52.99602,-1.25590
Rayleigh Weir PFS,51.57627,0.59895
Worksop PFS,53.30967,-1.14309
Sedlescombe Rd PFS,50.88747,0.55140
Cobham PFS,51.33361,-0.42227
Thetford,52.40411,0.72079
Canley PFS,52.40211,-1.55772
Beeston PFS,52.92895,-1.21519
Loughborough PFS,52.77277,-1.21171
Hereford PFS,52.05581,-2.72459
Northwich PFS,53.26330,-2.50831
Eltham PFS,51.45022,0.06000
Godalming PFS,51.18660,-0.60549
Harringay PFS,51.57720,-0.09674
Bridgend PFS,51.53161,-3.57342
Brookwood PFS,51.31183,-0.62313
Newbury PFS,51.39904,-1.31823
Emersons Grn CS,51.49212,-2.47355
Kirkcaldy PFS,56.13382,-3.20220
East Filton PFS,51.50707,-2.55235
East Kilbride PFS,55.78312,-4.16660
Larkfield PFS,51.29274,0.47243
North Cheam PFS,51.37281,-0.22471
Water Lane PFS,51.22327,-0.77595
Kempston PFS,52.11751,-0.49463
Marshall Lake PFS,52.40027,-1.82076
Islington,51.53420,-0.10773
Leamington,52.27853,-1.54711
Pinner,51.59337,-0.38079
Bramingham Park,51.92076,-0.43540
Balham,51.44427,-0.15192
Crystal Palace,51.39860,-0.08699
Watford,51.65869,-0.39921
Thornhill,51.53871,-3.19319
Swansea,51.61995,-3.93540
North Finchley,51.61788,-0.17619
Rugby,52.35078,-1.27391
Edgware,51.61193,-0.27561
Tewkesbury Rd,51.91810,-2.10663
Leatherhead,51.29598,-0.32764
Hereford,52.05475,-2.72480
Hempstead Valley PFS,51.34078,0.57421
Melksham,51.37462,-2.14075
Sittingbourne,51.33806,0.73682
Drumchapel,55.90456,-4.37439
Garthdee,57.12013,-2.12475
Clapham Common,51.46207,-0.13598
Burton on Trent,52.80403,-1.63516
Winnersh,51.42776,-0.87749
Stirling,56.12814,-3.94619
March,52.55030,0.09019
Deal,51.22402,1.39943
Coleraine,55.11934,-6.67534
Forestside,54.56469,-5.91035
Strand Rd,55.01040,-7.31528
Ballymena,54.86020,-6.26933
Newry,54.16769,-6.33950
Dalston,51.54743,-0.07338
Sale,53.42610,-2.32338
Blackheath,52.47444,-2.03988
Glen Rd,52.59202,-1.06830
Brentwood,51.62222,0.30257
Maypole,52.40430,-1.88513
Richmond,51.46658,-0.28641
Dundee,56.48037,-2.88892
Cockermouth,54.66208,-3.36493
Oswestry,52.85940,-3.05129
Kenilworth,52.34060,-1.57789
Ashbourne,53.01461,-1.73295
Washington,54.90091,-1.53308
Hempstead Valley,51.34201,0.57339
Oldbury,52.50423,-2.01798
Calcot,51.44294,-1.06141
Cameron Toll,55.92683,-3.16424
Beckton CS,51.52137,0.06601
Beckton PFS,51.52161,0.06920
Sydenham CS,51.43012,-0.03341
Sydenham PFS,51.42891,-0.03318
Merton,51.41512,-0.18154
London Colney,51.71591,-0.28695
Beckton,51.52137,0.06601
White Rose CS,53.75619,-1.57363
White Rose PFS,53.75451,-1.57228
Drumchapel PFS,55.90346,-4.37683
Garthdee Rd PFS,57.12116,-2.12587
Stirling PFS,56.12882,-3.94383
Melksham PFS,51.37489,-2.13907
Coleraine PFS,55.11966,-6.67067
Forestside PFS,54.56495,-5.90705
Ballymena PFS,54.86156,-6.27185
Keighley PFS,53.86707,-1.90364
Burpham PFS,51.26172,-0.54654
Blackheath PFS,52.47390,-2.03902
Queens Rd PFS,52.62165,1.29660
Halifax PFS,53.72649,-1.85498
Heyford Hill,51.72169,-1.23240
Dome Roundabout,51.68132,-0.38816
Ladbroke Grove,51.52630,-0.21772
Uxbridge,51.54843,-0.47481
Redditch,52.31305,-1.93887
Market Harborough,52.47686,-0.91750
Glen Rd CS,52.59202,-1.06830
Barnwood,51.86520,-2.20064
Fairfield Park,52.14554,-0.48578
Wellingborough,52.29226,-0.72071
Dunstable,51.88902,-0.51244
Finchley Rd,51.54802,-0.18200
Drumchapel CS,55.90456,-4.37439
Garthdee Rd CS,57.12013,-2.12475
Burton On Trent CS,52.80403,-1.63516
Winnersh CS,51.42776,-0.87749
Stirling CS,56.12814,-3.94619
Coleraine CS,55.11934,-6.67534
Forestside CS,54.56469,-5.91035
Strand Rd CS,55.01040,-7.31528
Ballymena CS,54.86020,-6.26933
Archer Rd CS,53.34530,-1.49318
Lancaster CS,54.05152,-2.79921
Grimsby CS,53.56992,-0.08429
Sittingbourne CS,51.33806,0.73682
Kettering,52.40288,-0.72711
St Albans,51.74278,-0.33995
Hayes,51.51545,-0.40324
Kidlington,51.80890,-1.27765
Witney,51.77952,-1.48284
Rhyl,53.30270,-3.46851
Apsley Mills,51.73628,-0.46543
Kenton,51.58147,-0.31517
Rayleigh Weir CS,51.57510,0.60014
Hendon,51.58177,-0.24407
Taplow,51.52030,-0.66906
Cwmbran,51.65277,-3.02511
Kidderminster,52.39137,-2.25407
Banbury,52.05061,-1.33347
Bridgend,51.53055,-3.57437
South Ruislip,51.55700,-0.39615
Alperton,51.53867,-0.30337
Warrington CS,53.39173,-2.58294
Weedon Rd,52.23948,-0.93738
Camden,51.54047,-0.14085
Bracknell,51.41505,-0.75055
Putney,51.46220,-0.21550
Burpham,51.26103,-0.54405
Worle CS,51.36176,-2.91110
Plymouth,50.37379,-4.14365
Taunton,51.01378,-3.09894
Ferndown,50.81164,-1.87549
Hedge End,50.92003,-1.31322
Poole,50.71671,-1.98129
St Clares,51.43427,-0.37533
Alton,51.14693,-0.97511
Chippenham,51.44899,-2.14791
Kempshott,51.23553,-1.13920
Badger Farm,51.04586,-1.34015
Bridgwater,51.13286,-2.99617
Torquay,50.48765,-3.55507
Bridgemead,51.55808,-1.81056
Godalming,51.18640,-0.60360
Truro,50.26158,-5.06792
Farlington,50.84052,-1.03926
Bagshot Rd,51.39273,-0.74046
Barnstaple,51.06694,-4.08410
Watchmoor Park,51.32310,-0.76208
Talbot Heath,50.73877,-1.91192
Emersons Grn,51.49212,-2.47355
Winterstoke Rd,51.43357,-2.61964
Staines,51.43252,-0.51965
Water Lane,51.22216,-0.77705
Broadcut,50.85891,-1.17453
Pinhoe Rd,50.73321,-3.48026
Kiln Lane,51.34160,-0.25773
Frome,51.21585,-2.33365
Brookwood,51.31202,-0.62540
Cobham,51.33629,-0.42138
Christchurch,50.74419,-1.74184
Newbury,51.39860,-1.31979
Marsh Mills,50.38896,-4.08721
New Cross Gate PFS,51.47521,-0.04112
Sydenham,51.43012,-0.03341
White Rose,53.75619,-1.57363
Romford,51.57525,0.17952
Blackheath CS,52.47444,-2.03988
Newbury Park CS,51.58144,0.08721
Newton Abbot CS,50.52310,-3.59364
Paignton CS,50.42114,-3.58881
Longwater,52.65305,1.18357
Hankridge Farm,51.02172,-3.06107
Portsmouth,50.80411,-1.08886
Harrogate,53.98487,-1.49952
New Cross Gate CS,51.47716,-0.04234
Monks Cross,53.98697,-1.04954
Marshall Lake,52.40176,-1.81910
Mere Grn,52.58695,-1.82561
Birkenhead,53.37387,-3.04690
Shrewsbury,52.68782,-2.75283
Macclesfield,53.26310,-2.13238
Chester,53.18305,-2.85560
Amblecote,52.47078,-2.12964
Altrincham,53.38357,-2.35057
Lincoln,53.20500,-0.58070
Fosse Park,52.59882,-1.18380
Sidney St,52.20712,0.11978
Wigan CS,53.52037,-2.65505
Oxford,51.75064,-1.26040
Edenthorpe,53.54534,-1.07660
Oldbury CS,52.50423,-2.01798
Worksop,53.31117,-1.14554
Chatham,51.38420,0.52577
Beaconsfield,51.60961,-0.64306
Upton,53.38009,-3.10305
Ripley,53.05406,-1.39704
Ellesmere Port,53.26318,-2.87905
Stratton,51.57697,-1.72854
Archer Road PFS,53.34496,-1.49144
Kings Lynn,52.75474,0.39856
Preston,53.77584,-2.68659
Merton CS,51.41512,-0.18154
Chaddesden,52.91603,-1.43379
Blackhall,55.95752,-3.24085
Swadlincote,52.77344,-1.56454
Street PFS,51.12609,-2.75450
Ipswich,52.05627,1.15572
Stafford,52.80862,-2.12154
Kempston,52.11740,-0.49603
Nuneaton,52.52007,-1.46381
Northwich,53.26367,-2.50804
Dorking,51.23143,-0.33245
East Prescot Rd,53.41533,-2.89833
Salisbury,51.07010,-1.79902
Colchester,51.88867,0.90339
Waltham Cross,51.68678,-0.03249
Street CS,51.12718,-2.75499
Gloucester,51.86716,-2.24374
Cheadle,53.37626,-2.21581
Canley,52.40177,-1.55514
Sunderland,54.88475,-1.40776
Cannock,52.67392,-2.01638
Durham,54.80679,-1.57980
Harpenden,51.81611,-0.35593
Halifax,53.72568,-1.85606
Crawley,51.11587,-0.18452
Kenton CS,51.58147,-0.31517
Potters Bar,51.69790,-0.19250
Witney CS,51.77952,-1.48284
Camberley,51.33749,-0.74612
Castle Court PFS,51.44406,-2.55931
Kirkcaldy CS,56.13408,-3.19755
Street,51.12718,-2.75499
Court House Grn,52.42671,-1.48225
Middlesbrough,54.57673,-1.24279
Hamilton CS,55.78081,-4.05688
Shorehead,53.64677,-1.77596
Castle Court,51.44295,-2.55988
East Filton,51.50788,-2.55293
Exeter,50.72368,-3.53367
Paignton,50.42114,-3.58881
Woking,51.31907,-0.56012
Hamilton,55.78081,-4.05688
Solihull,52.41409,-1.77810
Boscombe,50.72654,-1.83735
Doncaster,53.52242,-1.13784
Straiton,55.88282,-3.16412
Castle Boulevard,52.94642,-1.16236
Bradford,53.82943,-1.71188
Coldhams Lane,52.19910,0.15750
Kimberley,52.99641,-1.25459
Wilmslow,53.32397,-2.23411
Worle,51.36176,-2.91110
Woodhall Farm,51.78026,-0.43563
Perton,52.59516,-2.20212
Hull,53.72327,-0.42005
Wigston,52.58606,-1.10484
Huddersfield,53.64593,-1.78509
Guildford,51.23570,-0.57198
York,53.96331,-1.07449
Bletchley,51.99311,-0.73280
Archer Rd,53.34530,-1.49318
Woolton,53.37582,-2.86550
Hamilton PFS,55.77921,-4.05454
Loughborough CS,52.77275,-1.21099
Chester CS,53.18305,-2.85560
Southport,53.64929,-3.00266
Crosby,53.49285,-3.02669
Wigan PFS,53.51988,-2.65375
Red Bank Rd,53.85005,-3.04789
Straiton CS,55.88282,-3.16412
Keighley,53.86886,-1.90465
Chesterfield,53.25389,-1.41784
Prestwick,55.48713,-4.61487
Warrington,53.39173,-2.58294
Loughborough,52.77275,-1.21099
Reedswood,52.59676,-1.99813
Wigan,53.52037,-2.65505
Whitstable CS,51.35752,1.06137
Lancaster,54.05152,-2.79921
Winchester,51.06228,-1.31192
Beeston,52.92875,-1.21453
Bridgend CS,51.53055,-3.57437
Maypole CS,52.40430,-1.88513
Stockport,53.41322,-2.15678
Warwick,52.28420,-1.59303
Whitley Bay,55.04400,-1.48033
Selly Oak,52.44052,-1.93955
Hull CS,53.72327,-0.42005
Leeds Colton,53.79463,-1.43532
Tunbridge Wells CS,51.12324,0.25577
Hanley,53.02615,-2.18274
Kingsway,52.92076,-1.50955
Salford,53.47702,-2.26789
Bradford CS,53.82943,-1.71188
Reading,51.45710,-0.97539
Straiton PFS,55.88215,-3.16565
Bitterne,50.91425,-1.36086
Newton Abbot,50.52310,-3.59364
Swindon,51.56001,-1.78622
Darnley,55.80615,-4.34412
Denton,53.45471,-2.13257
Tamworth,52.62745,-1.70635
Coventry,52.41000,-1.50875
Wrexham,53.05728,-3.00832
Leicester,52.63682,-1.12859
Grimsby,53.56992,-0.08429
East Kilbride,55.78266,-4.17097
Bamber Bridge,53.72224,-2.66795
Braintree PFS,51.88006,0.55720
Dewsbury,53.68909,-1.62388
Sevenoaks PFS,51.29778,0.19374
Bury St Edmunds PFS,52.23959,0.73473
Swansea PFS,51.62014,-3.93691
Rice Lane PFS,53.45169,-2.96397
Alphington Rd PFS,50.70501,-3.53795
Bath PFS,51.38135,-2.37367
Leven PFS,56.19433,-3.00397
Craigavon PFS,54.44776,-6.38889
Liphook PFS,51.07525,-0.79940
Hoddesdon PFS,51.76140,-0.00823
Attleborough PFS,52.51588,1.01315
Wednesfield PFS,52.59692,-2.08641
North Walsham PFS,52.82283,1.38931
Ashton Moss PFS,53.49096,-2.10412
Osmaston Park PFS,52.89623,-1.47269
Sprucefield PFS,54.49277,-6.06419
Oldham PFS,53.53952,-2.10963
Didcot PFS,51.60857,-1.23690
Whitehouse Farm PFS,54.57149,-1.33875
Chafford Hundred PFS,51.49105,0.29374
Cramlington PFS,55.08340,-1.58782
Scunthorpe PFS,53.59090,-0.65950
Team Valley PFS,54.92200,-1.60849
Spalding PFS,52.79006,-0.15564
Scarborough PFS,54.27796,-0.41193
Grantham PFS,52.90766,-0.63759
Darlington PFS,54.52174,-1.55693
Matlock PFS,53.13922,-1.56322
Crystal Peaks PFS,53.34240,-1.34818
Oakley PFS,51.90245,-2.05038
Westhoughton PFS,53.54692,-2.52407
Arnold PFS,52.99948,-1.13544
Isle Of Wight PFS,50.70290,-1.29543
Castle Vale PFS,52.51645,-1.79845
Huntingdon PFS,52.33169,-0.18037
Dronfield PFS2,53.30807,-1.47721
Meadowhall PFS,53.41730,-1.41233
Stoke on Trent PFS,53.00124,-2.18682
Holywood PFS,54.62709,-5.85734
Canvey Island PFS,51.52266,0.59562
Murrayfield PFS,55.93882,-3.24171
Dartmouth PFS,50.34772,-3.60310
Helston PFS,50.09212,-5.26225
Stanway PFS,51.88680,0.82771
Newcastle U Lyme PFS,53.01597,-2.23196
Nantwich PFS,53.07823,-2.51232
Dungannon PFS,54.51314,-6.76347
West Belfast PFS,54.58243,-5.97861
Strathaven PFS,55.67346,-4.06975
Dawlish PFS,50.59861,-3.46255
Bishop Auckland PFS,54.63832,-1.69265
Biddulph PFS,53.11686,-2.17789
Northfield PFS,52.41578,-1.97282
Gloucester Quays PFS,51.85883,-2.25873
Pontllanfraith PFS,51.65728,-3.17626
Braehead PFS,55.87149,-4.35662
Colne PFS,53.85860,-2.17510
Hawick PFS,55.42648,-2.78907
Wantage PFS,51.59217,-1.42430
Newport PFS,51.60216,-2.99416
Morecambe PFS,54.06742,-2.84308
Irvine PFS,55.60477,-4.66512
Nairn PFS,57.58224,-3.85042
Portishead PFS,51.48316,-2.76249
Livingston PFS,55.87943,-3.52284
Kelso PFS,55.59009,-2.42827
Bangor PFS,54.64539,-5.67041
HeatonNewcastle PFS,54.99612,-1.57880
Mansfield PFS,53.13585,-1.19737
Ely PFS,52.39787,0.27349
Whitby PFS,54.47142,-0.60172
Pontypridd PFS,51.60042,-3.32916
Bishops Waltham PFS,50.95466,-1.21937
Leek PFS,53.11028,-2.03780
Penzance PFS,50.12882,-5.51689
Carlisle PFS,54.89509,-2.94646
Heaton Park PFS,53.53719,-2.23946
Waterlooville PFS,50.88297,-1.03621
Bognor Regis PFS,50.79895,-0.66441
Kings Lynn Hdwck PFS,52.74032,0.41732
Wakefield IngsRd PFS,53.67883,-1.49805
Sunderland North PFS,54.92002,-1.42176
Sedgefield PFS,54.66257,-1.44854
Leigh PFS,53.50190,-2.52767
Weymouth PFS,50.63487,-2.46139
Edinburgh PFS,55.92432,-3.25280
Dorridge PFS,52.37231,-1.75409
Leicester North PFS,52.66837,-1.10641
Blackpool PFS,53.82294,-3.04751
Thanet West Wood PFS,51.35702,1.39509
W'ton St Marks PFS,52.58266,-2.13712
Crystal Palace PFS,51.39881,-0.08780
Bebington PFS,53.35656,-3.02542
Marshalswick PFS,51.76316,-0.30739
Lwr Richmond Rd PFS,51.46737,-0.22067
Gla Woodlands PFS,55.86893,-4.27323
Hrly Bonhurst Rd PFS,51.18433,-0.16407
Balham Ntgle Lne PFS,51.45193,-0.15295
Balsall Common PFS,52.39934,-1.65516
Droitwich PFS,52.26020,-2.15336
Newbry Andovr Rd PFS,51.38079,-1.34162
Rawdon Apperley PFS,53.85805,-1.69042
Richmond PFS,51.46745,-0.28677
Dundee PFS,56.47997,-2.88732
Curie Lanrk Rd W PFS,55.89936,-3.29730
Nags Head Hill PFS,51.45453,-2.52608
Wellingborough PFS,52.29256,-0.71936
Charlton Riversd PFS,51.48796,0.01657
South Ruislip PFS,51.55605,-0.39300
Taunton PFS,51.01357,-3.09763
Romford PFS,51.57621,0.17809
Bolton PFS,53.57357,-2.42977
Prestwick PFS,55.48696,-4.61693
Stroud,51.73959,-2.24034
Kirkcaldy,56.13408,-3.19755
Telford,52.68331,-2.45530
Calne,51.43956,-2.00321
Moortown,53.84416,-1.55366
Hoddesdon,51.76046,-0.00828
Wallington,51.35802,-0.14778
Huntingdon,52.33150,-0.18176
Chesham,51.70752,-0.61210
Alphington Rd,50.70674,-3.53628
Rice Lane,53.45111,-2.96188
Penge,51.41279,-0.05135
Craigavon,54.45065,-6.39054
Fallowfield,53.44071,-2.21744
Darwen,53.69369,-2.46562
Partick,55.87279,-4.31266
Leven,56.19324,-3.00318
Holborn LL,51.51742,-0.12065
Tottenham Crt Rd LL,51.51743,-0.13143
Brighouse,53.70077,-1.77842
Attleborough,52.51665,1.01232
Liphook,51.07548,-0.80082
Armagh,54.34769,-6.65104
Linlithgow,55.97642,-3.62440
Bourne,52.76975,-0.38230
Tooting,51.42705,-0.16803
Meadowbank,55.95872,-3.16475
St Andrew Square LL,55.95339,-3.19405
Pulborough,50.96735,-0.50027
Cardiff,51.48323,-3.17207
Wednesfield,52.59754,-2.08631
Stanmore,51.61741,-0.31076
Dartford,51.44383,0.21492
Martineau Place LL,52.48008,-1.89580
Highlands Village,51.64570,-0.11107
North Walsham,52.82405,1.38993
Bexleyheath,51.45621,0.14910
Berryden Rd,57.15858,-2.11428
New Romney,50.98790,0.94396
Maidstone,51.27242,0.52781
Hazel Grove,53.38517,-2.12570
Tadley,51.35581,-1.14125
Sury Basin,51.41580,-0.30296
Ashton Moss,53.49137,-2.10657
Fulham Broadway,51.48102,-0.19443
Dingles,51.45682,-2.60659
Devizes,51.35223,-1.99184
Osmaston Park,52.89462,-1.47208
Kirkintilloch,55.93687,-4.15486
Sprucefield,54.49019,-6.06698
Broad St,51.45549,-0.97051
Oldham,53.53960,-2.11182
Selsdon,51.34241,-0.06280
Didcot,51.60761,-1.23858
Whitehouse Farm,54.57223,-1.33923
Chafford Hundred,51.49184,0.29406
Tadcaster,53.88636,-1.26039
Cramlington,55.08581,-1.58725
Scunthorpe,53.59198,-0.66033
Team Valley,54.92275,-1.60971
Spalding,52.78840,-0.15560
Scarborough,54.27909,-0.41291
Grantham,52.90711,-0.63636
Darlington,54.52094,-1.55741
Willesden Grn,51.54681,-0.22547
Guisborough,54.53105,-1.05795
Lytham St Annes,53.75341,-3.02988
Ripon,54.13621,-1.52311
Shirley,50.92361,-1.43421
Matlock,53.13855,-1.56024
Crystal Peaks,53.34216,-1.35091
Oakley,51.90191,-2.04939
Thame,51.74716,-0.97852
Westhoughton,53.54632,-2.52475
Carrickfergus,54.71284,-5.81058
Arnold,52.99962,-1.13400
Clitheroe,53.86920,-2.39165
Sherborne,50.94510,-2.51230
Chipping Ongar,51.70516,0.24463
Isle of Wight,50.70160,-1.30009
Castle Vale,52.51758,-1.79638
Bchanan Galleries LL,55.86351,-4.25262
The Moor,53.37633,-1.47446
Castlepoint,50.75222,-1.84477
Loughton,51.64334,0.05261
Dronfield,53.30376,-1.47608
Stoke on Trent,53.00223,-2.18577
Holywood Exchange,54.62671,-5.85655
Cranleigh,51.14159,-0.49171
Warren St LL,51.52420,-0.13733
Wood Grn,51.59248,-0.10529
Andover,51.20563,-1.48173
Acocks Grn,52.44582,-1.82035
Bitterne West,50.91525,-1.36058
Olympia,55.75919,-4.17458
Eastleigh,50.96986,-1.35240
Kings Mall,51.49326,-0.22908
Midsomer Norton,51.28651,-2.48209
Morden,51.40319,-0.19327
Slough,51.52369,-0.61592
Ringwood,50.84682,-1.79175
Wootton Bassett,51.54281,-1.90532
Wickham High St,51.37700,-0.02177
Upper Norwood,51.41794,-0.08266
Sleaford,52.99805,-0.41174
Northallerton,54.34411,-1.43925
Canvey Island,51.52263,0.59418
Bodmin,50.47364,-4.72673
Newhaven Harbour,50.79828,0.05957
Culcheth,53.45235,-2.52090
Littlehampton,50.80989,-0.54327
Peebles,55.65344,-3.18841
Pocklington,53.92757,-0.77736
Yarm,54.51031,-1.35452
South Shields,54.97239,-1.40732
Bradford on Avon,51.33645,-2.25220
Fulwell,54.92915,-1.38249
Northumberland Park,55.03290,-1.51852
Brighton,50.83100,-0.13821
Hunstanton,52.93885,0.49184
Urmston,53.44976,-2.35413
Bishops Stortford,51.86999,0.16171
Orpington,51.37578,0.10061
Penrith,54.65990,-2.75217
Murrayfield,55.93769,-3.23942
Welwyn Garden City,51.80101,-0.20850
Dartmouth,50.34747,-3.60320
Neston,53.29086,-3.06293
Helston,50.09287,-5.26096
Mildenhall,52.34274,0.51293
Ottery St Mary,50.75219,-3.28190
Bath Odd Down,51.35644,-2.37249
Hythe,51.07192,1.07644
Stanway,51.88705,0.83040
Newcastle U Lyme,53.01513,-2.23164
Nantwich,53.07791,-2.51494
Maidenhead,51.52441,-0.71863
Farnborough,51.29302,-0.75628
Milton Keynes,52.03675,-0.76218
Alnwick,55.40198,-1.69311
Gosforth,55.00572,-1.61939
Dungannon,54.51144,-6.76352
West Belfast,54.58192,-5.97687
Selby,53.78469,-1.07137
Saltcoats,55.63565,-4.79118
Strathaven,55.67406,-4.06770
Dursley,51.68243,-2.35507
Otley,53.90282,-1.69266
Leeds Headrow,53.79959,-1.54340
Clacton on Sea,51.79072,1.15509
Nottingham Perry Rd,52.98007,-1.17049
Stamford,52.66258,-0.46490
Dawlish,50.59877,-3.46078
Trowbridge,51.32289,-2.20970
Wombourne,52.52657,-2.20791
Bishop Auckland,54.63940,-1.69517
Biddulph,53.11711,-2.17615
Bridgnorth,52.53652,-2.42405
Clifton Down,51.46409,-2.61093
Fleet,51.28235,-0.84129
Andover North,51.21454,-1.47681
Flint,53.25122,-3.13828
Salendine Nook,53.65705,-1.84385
Bude,50.83196,-4.54700
Chard,50.87158,-2.96602
Chipping Norton,51.94143,-1.54596
Denny,56.01770,-3.90680
Garstang,53.89787,-2.77546
Glasgow Muirend,55.80926,-4.27275
Halstead,51.94443,0.63619
Kinross,56.20709,-3.43391
Lampeter,52.11364,-4.08031
Worcester St Johns,52.18721,-2.23358
Northfield,52.41265,-1.97441
Gloucester Quays,51.85862,-2.25748
Leeds Headingley,53.82202,-1.57806
Newquay,50.41535,-5.08851
Newton Stewart,54.95632,-4.48204
Pontllanfraith,51.65768,-3.17391
Ross on Wye,51.91527,-2.58148
Stewarton,55.68038,-4.51696
Tenby,51.67130,-4.70420
Throckley,54.99463,-1.75386
Torpoint,50.37688,-4.19938
Braehead,55.87266,-4.35690
Wareham,50.68561,-2.10871
Falmouth,50.16231,-5.08924
Longridge,53.83552,-2.60666
Thorne,53.61293,-0.96371
Spilsby,53.17279,0.09395
Saltburn,54.58370,-0.97482
South Molton,51.01568,-3.83012
Colne,53.85993,-2.16616
Hawick,55.42551,-2.78908
Faversham,51.32317,0.87485
Slough Uxbridge Rd,51.50808,-0.57914
Bicester,51.89773,-1.15249
Wantage,51.59000,-1.42650
West Cowes,50.76107,-1.29735
Newport,51.60094,-2.99455
Morecambe,54.06768,-2.84726
Irvine,55.60587,-4.66797
Nairn,57.58148,-3.85163
Portishead,51.48410,-2.76116
Hertford,51.79896,-0.08016
Livingston,55.87859,-3.52413
Kelso,55.59022,-2.42681
Haxby,54.01642,-1.07631
Stamford Hill,51.57327,-0.07338
Wakefield Marsh Way,53.68528,-1.49379
Southmpton Portswood,50.92669,-1.38962
Bangor,54.64431,-5.67172
Heaton Newcastle,54.99694,-1.57744
Mansfield,53.13447,-1.19897
Marlow,51.57171,-0.77777
Ely,52.39863,0.27231
Whitby,54.47101,-0.60008
Pontypridd,51.60127,-3.33081
Melton Mowbray,52.76856,-0.89275
Leek,53.11052,-2.03953
Penzance,50.12806,-5.51888
Carlisle,54.89631,-2.94755
Heaton Park,53.53804,-2.23668
Waterlooville,50.88285,-1.03477
Bognor Regis,50.79760,-0.66589
Heathfield - High St,50.97014,0.25102
Kings Lynn Hardwick,52.73880,0.41849
Chapelford,53.39772,-2.63979
Wakefield IngsRd,53.67781,-1.49941
Sunderland North,54.92011,-1.42434
Sudbury,52.03686,0.74019
Whitchurch Bargates,52.97247,-2.68640
Sedgefield,54.66266,-1.44626
Leigh,53.50062,-2.52651
Cowley,51.73325,-1.21876
Tottenham,51.60610,-0.06706
Weymouth,50.63308,-2.46221
Edinburgh Longstone,55.92404,-3.25124
Longbridge,52.39597,-1.98337
Dorridge,52.37346,-1.75260
Leicester North,52.66760,-1.10411
Rustington,50.81775,-0.49521
Brixton,51.45483,-0.11399
Hinckley,52.53849,-1.37596
Blackpool,53.82118,-3.04752
Sheffield Wadsley Bg,53.41742,-1.50229
Shenley Church End,52.02717,-0.79046
Thanet Wt Wood Cross,51.35714,1.39347
Abbey Wood,51.49306,0.12063
Sutton,51.36920,-0.19519
Hedon,53.73971,-0.21262
Lymm,53.38528,-2.46787
W'ton St Marks,52.58278,-2.13528
High Wycombe,51.63246,-0.75564
Elephant and Castle,51.49475,-0.09877
Mayfair LL,51.50804,-0.14343
Redhill (Temp),51.24179,-0.16772
Charlton Riverside,51.48861,0.02618
Fulham Wharf,51.46715,-0.18708
Wellesbourne,52.18959,-1.60781
Walton on Thames,51.38486,-0.42193
Cheddar Roynon Way,51.27469,-2.77499
Nine Elms,51.48139,-0.12808
Bretton,52.59136,-0.28401
Derby,52.91989,-1.47208
Bolton,53.57262,-2.42942
Burnley,53.79413,-2.24195
Telford CS,52.68331,-2.45530
Brentwood CS,51.62222,0.30257
Rice Lane CS,53.45111,-2.96188
Fallowfield CS,53.44071,-2.21744
Moortown CS,53.84416,-1.55366
Craigavon CS,54.45065,-6.39054
Alphington Rd CS,50.70674,-3.53628
Hoddesdon CS,51.76046,-0.00828
Stroud CS,51.73959,-2.24034
Wandsworth CS,51.45454,-0.19193
Leven CS,56.19324,-3.00318
Lords Hill CS,50.94141,-1.44906
Castlepoint CS,50.75222,-1.84477
Castle Boulevard CS,52.94642,-1.16236
Liphook CS,51.07548,-0.80082
Bourne CS,52.76975,-0.38230
Wednesfield CS,52.59754,-2.08631
Berryden Rd CS,57.15858,-2.11428
Hazel Grove CS,53.38517,-2.12570
Tadley CS,51.35581,-1.14125
Ashton Moss CS,53.49137,-2.10657
Osmaston Park CS,52.89462,-1.47208
Sprucefield CS,54.49019,-6.06698
Oldham CS,53.53960,-2.11182
Didcot CS,51.60761,-1.23858
Chafford Hundred CS,51.49184,0.29406
Cramlington CS,55.08581,-1.58725
Scunthorpe CS,53.59198,-0.66033
Team Valley CS,54.92275,-1.60971
Spalding CS,52.78840,-0.15560
Scarborough CS,54.27909,-0.41291
Grantham CS,52.90711,-0.63636
Darlington CS,54.52094,-1.55741
Ripon CS,54.13621,-1.52311
Shirley CS,50.92361,-1.43421
Matlock CS,53.13855,-1.56024
Crystal Peaks CS,53.34216,-1.35091
Carrickfergus CS,54.71284,-5.81058
Arnold CS,52.99962,-1.13400
Isle Of Wight CS,50.70160,-1.30009
Castle Vale CS,52.51758,-1.79638
Huntingdon CS,52.33150,-0.18176
Stoke on Trent CS,53.00223,-2.18577
Holywood Exchange CS,54.62671,-5.85655
Wickham High St CS,51.37700,-0.02177
Bodmin CS,50.47364,-4.72673
Newhaven Harbour CS,50.79828,0.05957
Littlehampton CS,50.80989,-0.54327
Bradford on Avon CS,51.33645,-2.25220
Urmston CS,53.44976,-2.35413
Bishops Stortford CS,51.86999,0.16171
Penrith CS,54.65990,-2.75217
Murrayfield CS,55.93769,-3.23942
Welwyn Garden CityCS,51.80101,-0.20850
Dartmouth CS,50.34747,-3.60320
Neston CS,53.29086,-3.06293
Helston CS,50.09287,-5.26096
Bath Odd Down CS,51.35644,-2.37249
Basingstoke CS,51.26742,-1.08771
Stanway CS,51.88705,0.83040
Newcastle U Lyme CS,53.01513,-2.23164
Nantwich CS,53.07791,-2.51494
Maidenhead CS,51.52441,-0.71863
Farnborough CS,51.29302,-0.75628
Milton Keynes CS,52.03675,-0.76218
Alnwick CS,55.40198,-1.69311
Dungannon CS,54.51144,-6.76352
West Belfast CS,54.58192,-5.97687
Stamford CS,52.66258,-0.46490
Trowbridge CS,51.32289,-2.20970
Wombourne CS,52.52657,-2.20791
Bishop Auckland CS,54.63940,-1.69517
Biddulph CS,53.11711,-2.17615
Northfield CS,52.41265,-1.97441
Gloucester Quays CS,51.85862,-2.25748
Newquay CS,50.41535,-5.08851
Pontllanfraith CS,51.65768,-3.17391
Chiswick CS,51.49351,-0.26548
Braehead CS,55.87266,-4.35690
Falmouth CS,50.16231,-5.08924
Colne CS,53.85993,-2.16616
Hawick CS,55.42551,-2.78908
Slough UxbridgeRd CS,51.50808,-0.57914
Bicester CS,51.89773,-1.15249
Wantage CS,51.59000,-1.42650
Newport CS,51.60094,-2.99455
Morecambe CS,54.06768,-2.84726
Irvine CS,55.60587,-4.66797
Portishead CS,51.48410,-2.76116
Hertford CS,51.79896,-0.08016
Livingston CS,55.87859,-3.52413
Kelso CS,55.59022,-2.42681
Wakefield MarshWayCS,53.68528,-1.49379
Southmpton Portsw CS,50.92669,-1.38962
Bangor CS,54.64431,-5.67172
HeatonNewcastle CS,54.99694,-1.57744
Mansfield CS,53.13447,-1.19897
Ely CS,52.39863,0.27231
Pontypridd CS,51.60127,-3.33081
Melton Mowbray CS,52.76856,-0.89275
Leek CS,53.11052,-2.03953
Penzance CS,50.12806,-5.51888
Carlisle CS,54.89631,-2.94755
Heaton Park CS,53.53804,-2.23668
Waterlooville CS,50.88285,-1.03477
Bognor Regis CS,50.79760,-0.66589
Kings Lynn Hdwck CS,52.73880,0.41849
Chapelford CS,53.39772,-2.63979
Wakefield IngsRd CS,53.67781,-1.49941
Sunderland North CS,54.92011,-1.42434
Sudbury CS,52.03686,0.74019
Whitchurch CS,52.97247,-2.68640
Sedgefield CS,54.66266,-1.44626
Leigh CS,53.50062,-2.52651
Tottenham (New) CS,51.60610,-0.06706
Weymouth CS,50.63308,-2.46221
Edinburgh CS,55.92404,-3.25124
Longbridge CS,52.39597,-1.98337
Dorridge CS,52.37346,-1.75260
Leicester North CS,52.66760,-1.10411
Rustington CS,50.81775,-0.49521
Hinckley CS,52.53849,-1.37596
Blackpool CS,53.82118,-3.04752
Sheffield Wadsley CS,53.41742,-1.50229
Thanet West Wood CS,51.35714,1.39347
Abbey Wood CS,51.49306,0.12063
W'ton St Marks CS,52.58278,-2.13528
High Wycombe CS,51.63246,-0.75564
Harlow CS,51.77412,0.09291
Harringay CS,51.57721,-0.09568
Haverhill CS,52.09184,0.41331
Whitechapel CS,51.52110,-0.05864
Crystal Palace CS,51.39860,-0.08699
Thornhill CS,51.53871,-3.19319
Tewksbury Road CS,51.91810,-2.10663
Melksham CS,51.37462,-2.14075
Sale CS,53.42610,-2.32338
Dundee CS,56.48037,-2.88892
Cameron Toll CS,55.92683,-3.16424
Ladbroke Grove CS,51.52630,-0.21772
Charlton Riversd CS,51.48861,0.02618
St Albans CS,51.74278,-0.33995
Fulham Wharf CS,51.46715,-0.18708
Alton CS,51.14693,-0.97511
Nine Elms CS,51.48139,-0.12808
Kiln Lane CS,51.34160,-0.25773
Romford CS,51.57525,0.17952
Harrogate CS,53.98487,-1.49952
Marshall Lake CS,52.40176,-1.81910
Bretton CS,52.59136,-0.28401
Macclesfield CS,53.26310,-2.13238
Amblecote CS,52.47078,-2.12964
Stafford CS,52.80862,-2.12154
Kempston CS,52.11740,-0.49603
Cheadle CS,53.37626,-2.21581
Middlesbrough CS,54.57673,-1.24279
Coldhams Lane CS,52.19910,0.15750
Kimberley CS,52.99641,-1.25459
Bolton CS,53.57262,-2.42942
Keighley CS,53.86886,-1.90465
Burnley CS,53.79413,-2.24195
Prestwick CS,55.48713,-4.61487
Hammersmith Loc,51.48472,-0.21979
Headcorn Loc,51.16758,0.62264
Paddington Stn Loc,51.51572,-0.17678
Mornington Cres Loc,51.53506,-0.13865
Earls Court Loc,51.49379,-0.19514
Westbourne Grove Loc,51.51535,-0.19362
Streatham Loc,51.43246,-0.12931
Brxtn Station Loc,51.46278,-0.11468
Balham Hill Loc,51.45241,-0.14730
Station Approach Loc,51.37746,0.01106
Wandsworth Rd Loc,51.46648,-0.15029
Chiswick Loc,51.49301,-0.25232
Beaufort St Loc,51.48708,-0.17884
Battersea Park Loc,51.47082,-0.17031
Essex Rd Loc,51.54400,-0.09018
Wylde Grn Loc,52.53677,-1.82731
South Ealing Loc,51.50221,-0.30654
Clapham Junction Loc,51.46350,-0.16905
Archway Loc,51.56436,-0.13192
Sloane Ave Loc,51.49221,-0.16624
Chalk Farm Rd Loc,51.54353,-0.15118
Fetter Lane Loc,51.51757,-0.10883
Stockton Heath Loc,53.36988,-2.58102
Liverpool Loc,53.40471,-2.97982
Marlow High St Loc,51.57101,-0.77581
Brompton Rd Loc,51.49926,-0.16480
Upper St Loc,51.53739,-0.10270
Mid City Place Loc,51.51822,-0.11574
Fenchurch St Loc,51.51161,-0.08135
Whitworth St Loc,53.47489,-2.24207
Northgate Loc,51.75424,-1.25920
Edr Lothian Rd Loc,55.94568,-3.20641
Piccadilly Loc,53.47710,-2.23139
Borough High St Loc,51.50282,-0.09226
Gla Sauchiehl St Loc,55.86503,-4.26128
Alcester Rd Loc,52.44752,-1.88778
Liverpool CstlSt Loc,53.40589,-2.99084
Herne Hill Loc,51.45336,-0.10134
Mortimer St Loc,51.51813,-0.13858
Victoria Place Loc,51.49407,-0.14596
Gla Bothwell St Loc,55.86103,-4.26087
Waterloo LL,51.50325,-0.11077
Overseas House Loc,53.47816,-2.24991
Brindley Pl Loc,52.47650,-1.91287
Ealing Broadway Loc,51.51412,-0.30227
Fortess Rd Loc,51.55594,-0.13890
Willesden Grn Loc,51.54880,-0.22097
Clapham High St Loc,51.46407,-0.13131
Crowborough Loc,51.04860,0.18755
Deansgate Loc,53.48108,-2.24830
Brghtn WesternRd Loc,50.82468,-0.15037
Streatham Hill Loc,51.44056,-0.12508
Rayners Lane Loc,51.57657,-0.37142
Hoylake Loc,53.39280,-3.17748
Wnswth Merton Rd Loc,51.43907,-0.19758
Farringdon Loc,51.51934,-0.10583
Bishopston Loc,51.48039,-2.58930
Durrington Loc,51.19919,-1.77731
Cotgrave LL,52.91182,-1.04141
Keyworth Loc,52.87668,-1.08893
Gedling Loc,52.98034,-1.08585
Mdenhd Wootn Way Loc,51.51648,-0.74324
Frimley LL,51.32966,-0.70182
Chessington Loc,51.36386,-0.29906
Stanwell Loc,51.45074,-0.47557
Woking Loc,51.30339,-0.55171
Nations House Loc,53.40942,-2.99400
Cheam Loc,51.35809,-0.21541
Bingham LL,52.95184,-0.95309
Bath Loc,51.38149,-2.36267
Chls Rdclffe Gds Loc,51.48412,-0.18458
Bournemouth Rd Loc,50.72438,-1.93766
Nwsl Hdrks Ml Rd Loc,55.00610,-1.60244
St Johns Rd Loc,51.14147,0.26051
Harborne Hig St Loc,52.46017,-1.94599
Kilburn Loc,51.54575,-0.20285
Oxted Loc,51.25816,-0.00371
Worcester Park Loc,51.37685,-0.23866
Brixton Hill Loc,51.44692,-0.12454
Sthpt Bispham Rd Loc,53.64820,-2.96929
Chapel House Dr Loc,54.99081,-1.71256
Mosley St Loc,53.47973,-2.24101
Wstmr Bkr St Est Loc,51.52120,-0.15685
Leics London Rd Loc,52.62712,-1.11891
Nctl nunt Mtro Loc,54.97358,-1.61391
Svnks St Jhns Hl Loc,51.28813,0.19358
Brxbne High Rd Loc,51.74806,-0.01865
Bdfrd Tvstock St Loc,52.14148,-0.47231
Bramhall Loc,53.35839,-2.16641
Sheldon Square Loc,51.51953,-0.18035
Lombard St Loc,51.51265,-0.08745
Burton Latimer,52.36131,-0.67873
Wsgtn Tl Frm Vil Loc,54.89520,-1.49275
Shepherds Bush G Loc,51.50525,-0.22401
Bdwrth Cvntry Rd Loc,52.47215,-1.47868
Wigston Moat Str Loc,52.58134,-1.11000
Blkfld Hmptn Lne Loc,50.81876,-1.37232
Cltnhm High St Loc,51.89819,-2.07177
Cobham High St Loc,51.32803,-0.41017
Ththam Chapel St Loc,51.40351,-1.25316
Hmsmth Gldhwk Rd Loc,51.50248,-0.22711
Purley High St Loc,51.33962,-0.11442
Tnbrdg Wls Mt Pl Loc,51.13014,0.26318
Mbourne Derby Rd LL,52.82598,-1.43066
Edn Prtblo Hg St Loc,55.95228,-3.11187
Pkrdg Stone Crss Loc,52.72615,-2.11665
Frdsm Eddsbry Sq Loc,53.29389,-2.72355
Nwtn Abt East St Loc,50.52866,-3.60783
Surbiton Stn Loc,51.39257,-0.30458
Rylgh Estwood Rd Loc,51.57899,0.62034
Kngtn Church St Loc,51.50421,-0.19350
Bstwn Simpson Rd Loc,53.50310,-2.41636
Twknhm The Green Loc,51.44468,-0.34119
Lmbth Brixton Rd Loc,51.46436,-0.11406
Gnwch Kdbk Pk Rd Loc,51.46099,0.02868
The Cty Fleet St Loc,51.51408,-0.10669
Wtdytn Grdn Vlge Loc,51.50474,-0.45892
The Cty Mnsn Hse Loc,51.51213,-0.09422
Caledonian Rd St Loc,51.54824,-0.11819
Sfld Fulwood Rd Loc,53.37749,-1.50146
Mrpth Shields Rd Loc,55.15938,-1.68085
Grds Cr Pkhrs Rd Loc,51.58718,-0.55451
Twrhmts Mnsll St Loc,51.51330,-0.07314
Brmth Sthbrn Grv Loc,50.72636,-1.81493
Higte Archway Rd Loc,51.57503,-0.14233
Brstl Badntn Rd Loc,51.48859,-2.50284
Wtmnr Gatliff Rd Loc,51.48823,-0.15058
Sth Wmbldon Stn Loc,51.41577,-0.19324
Hndn Vivian Ave Loc,51.58252,-0.23095
Norbiton Stn Loc,51.41256,-0.28338
Leeds Brwry Whrf Loc,53.79381,-1.53818
Tmply Stokprt Rd Loc,53.39751,-2.31893
Ptsmt London Rd Loc,50.81606,-1.07936
Blmsby Soton Rov Loc,51.51920,-0.12185
Lmbt Vauxhall Sn Loc,51.48576,-0.12335
Hckny Lwr Clptn LL,51.55002,-0.05426
Brnfd Kew Brg Rd Loc,51.48846,-0.28809
Swdlnct Burtn Rd Loc,52.78246,-1.54809
Brns High St Loc,51.47357,-0.24886
Wwth Osiers Gate Loc,51.46126,-0.19635
Clvlys Vctra Rd Loc,53.87640,-3.03500
Lndno Mostyn St Loc,53.32535,-3.83120
Gla Kilermont St Loc,55.86525,-4.25309
Gourock Kempk St Loc,55.96193,-4.81969
Wndrmr Main Rd Loc,54.37773,-2.90631
Nwcsl Jesmnd Stn Loc,54.99383,-1.60943
Edr Howe St Loc,55.95645,-3.20267
Abrdn Alford Plc Loc,57.14312,-2.11158
Slhl Hslks Gn Rd Loc,52.40450,-1.84324
Rchmnd Stn Loc,51.46296,-0.30219
Cpl Altn Hrgt Rd Loc,53.83860,-1.53639
Brnt Wlsdn Hg Rd Loc,51.54762,-0.23510
Lncstr Penny St Loc,54.04542,-2.79947
Shfld Divisn St Loc,53.38004,-1.47346
Brstl Fshpnds Rd Loc,51.48108,-2.52818
Drhm Bromsde Lne Loc,54.78579,-1.52491
Leyton High Rd Loc,51.55959,-0.00898
Cmbrg Chry Hntn Loc,52.18998,0.13612
Hckly Spa Rd Loc,51.60161,0.65635
Hckny Mare St Loc,51.53559,-0.05736
Actn Chrchfld Rd Loc,51.50848,-0.26635
Lmbth The Cut Loc,51.50289,-0.10742
Hnslw Staines Rd Loc,51.46541,-0.37847
Chstr Faulknr St Loc,53.19909,-2.87599
Shfld Upr HnvrSt Loc,53.38050,-1.48443
S Nrwd Prtlnd Rd Loc,51.39585,-0.06904
Acton Town Stn Loc,51.50206,-0.28187
Edr Brntsfld Plc Loc,55.93593,-3.20901
Gla Trongate Loc,55.85736,-4.24963
Edin Sth Bridge Loc,55.94859,-3.18700
Ssea Albert Rd Loc,50.78647,-1.07296
Cardiff Albny Rd Loc,51.49396,-3.16702
Ctbry Old Dvr Rd Loc,51.26833,1.09151
Oxfrd Summertown Loc,51.77852,-1.26570
St Andws Mrkt St Loc,56.34052,-2.79461
Ddly Wordsley Loc,52.48069,-2.16406
Swdlnct Glmrgn W Loc,52.76049,-1.58009
Notts Wavrley St Loc,52.96281,-1.16179
Mold Mynydd Isa Loc,53.16868,-3.10952
Sthmptn Hill Ln loc,50.93384,-1.41912
Prestwd Wycmb Rd Loc,51.69864,-0.74246
Ldn Gt Sufflk St Loc,51.50528,-0.10141
KC Portobello Rd Loc,51.51616,-0.20493
Wllstn High St Loc,52.46475,-2.15985
Eastcote Station Loc,51.57668,-0.39795
Grnwch Creek Rd Loc,51.48106,-0.02178
Totnhm High Rd Loc,51.60027,-0.06815
Sttn Hckbrdge Sn Loc,51.37922,-0.15580
Hkny Town Hall Loc,51.54424,-0.05562
Islgn St Jhns St Loc,51.52795,-0.10512
Trqy St Mrychrch Loc,50.48160,-3.52335
Leeds Boar Lane Loc,53.79599,-1.54440
Chdl Warwck Mall Loc,53.39423,-2.21497
L Etn Tamworth R Loc,52.88684,-1.28329
Wsmtr The Strand Loc,51.50888,-0.12438
Hornch Suttns Ln Loc,51.55197,0.21880
Plmth Ebrgtn St Loc,50.37257,-4.13386
Ckfsts Hddn Ct Loc,51.64819,-0.14787
Hrngy Wst Grn Rd Loc,51.58599,-0.09226
Islgn Mercers Rd Loc,51.56012,-0.12341
Tnhm Lordship Ln Loc,51.59783,-0.09172
Twrhmts Mile End Loc,51.52282,-0.03944
Crydn High St Loc,51.37177,-0.10030
Notts Crngtn St Loc,52.94846,-1.14750
Lwshm Sdnhm Rd Loc,51.42687,-0.05524
Plmth Mutley Pln Loc,50.38071,-4.13323
Tnhm Svn Sts Stn Loc,51.58383,-0.07318
Ftchm Cobham Rd Loc,51.29656,-0.35599
Hayes Cldhrbr Ln Loc,51.51140,-0.41258
Blmbry Brnswk Ct Loc,51.52378,-0.12317
Glstr Barton St Loc,51.85823,-2.23255
Edin Dundee St Loc,55.94057,-3.21690
Hassocks Kymr Rd Loc,50.92427,-0.14318
Crstn Stly Pk Rd Loc,51.35510,-0.16196
Lrbrt Knnrd Vill Loc,56.03589,-3.82092
Hckny Wdbery Dwn Loc,51.57163,-0.08967
Wembley W Olp Wy Loc,51.55905,-0.28156
Abrdn Guild St Loc,57.14488,-2.09792
Isltn Pntnvle Rd Loc,51.53105,-0.12054
H F Shprds Bsh R Loc,51.50121,-0.22227
Surbitn Ewell Rd Loc,51.38904,-0.29738
Dlkth Salters Rd Loc,55.89644,-3.04979
Cmbrwl Peckhm Rd Loc,51.47396,-0.08113
Wallington Stn Loc,51.36088,-0.14994
Drhm Nwcstle Rd Loc,54.77649,-1.59798
Guys Hospital,51.50378,-0.08751
Perth High St Loc,56.39675,-3.43299
Twrhmts Allgd St Loc,51.53081,-0.07015
Crydn W Crydn St Loc,51.37853,-0.10337
Rdng Shnfield Rd Loc,51.42830,-0.94634
Greasby Frkby Rd Loc,53.37748,-3.12189
Wlltn Brmcte Ln Loc,52.94667,-1.23186
Hlw Upr Suttn Ln Loc,51.48037,-0.37325
Nuneatn Quens Rd Loc,52.52297,-1.48252
Chpltn Wortly Rd Loc,53.47386,-1.48638
Lmngtn Sp Rfd Rd Loc,52.28529,-1.52072
Wt Msy Walton Rd Loc,51.40283,-0.36917
Crdf Rhiwbina Loc,51.53118,-3.20483
Wtrlo Blkfrs Rd loc,51.50162,-0.10431
Twhts Bthnl Gn R Loc,51.52403,-0.07332
Leeds Albion Str Loc,53.79771,-1.54494
Chrh Ckhm Sdy Ln Loc,51.25960,-0.83945
Twrhmts Leman St Loc,51.51328,-0.06985
Lthm Clifton St Loc,53.73680,-2.96258
Oxfd Cs Brnrs St Loc,51.51625,-0.13584
Caerleon Mill St Loc,51.61330,-2.95580
Blkbn Pstn Od Rd Loc,53.73233,-2.52007
York Micklegate Loc,53.95715,-1.08547
Honor Oak Pk St Loc,51.44940,-0.04459
Edn Wavrly Stps Loc,55.95285,-3.19040
Shffld High Strt Loc,53.38294,-1.46777
Lwr Erly Mdn Pl Loc,51.42844,-0.91386
Bkdle Lvrpool Rd Loc,53.63304,-3.01222
Wtmtr Qunswy Nth Loc,51.51550,-0.18846
Brmly Bcknhm Rd Loc,51.40892,-0.04192
Wlvhptn Cmptn Rd Loc,52.58589,-2.14729
Dudley Pensnett Loc,52.50148,-2.13628
Nwch St Stpns St Loc,52.62549,1.29324
Mdstone Loose Rd Loc,51.25308,0.52781
Brckly Mntle Crt Loc,51.46384,-0.03909
Brmly Upr Elm Rd Loc,51.39095,-0.02803
Blrgwrie High St Loc,56.59244,-3.33944
Fulham Darlan Rd Loc,51.47791,-0.20160
Brtrd Grt Wt Qtr Loc,51.49059,-0.30232
Vctria Coach St Loc,51.49315,-0.14939
Wstmnstr Edgw Rd Loc,51.52073,-0.17077
Wmnstr Mrsham St Loc,51.49445,-0.12922
Clkwl St Jhns Ln Loc,51.52198,-0.10208
Teddingtn Hgh St Loc,51.42763,-0.32571
Hnchrh Elm Pk Av loc,51.55103,0.19837
Thts Brmly Bw Sn Loc,51.52441,-0.01180
Notts Mpprly Pl Loc,52.99752,-1.10345
Brstl Wrmly Hill Loc,51.46187,-2.49836
Ipsh Woodbrge Rd Loc,52.06167,1.18218
Ldn Estn Rgns Pl LL,51.52603,-0.13894
Rmfrd North St Loc,51.58209,0.17612
Mks Granville Sq Loc,52.06236,-0.73183
Wlvhptn Brnth Rd Loc,52.58729,-2.17451
Tlwrth Ewell Rd Loc,51.38308,-0.28876
Shbvns Nw Gsn Rd loc,51.52951,0.78650
Bntngfrd High St Loc,51.94815,-0.02009
Hmrsmth King St Loc,51.49329,-0.24352
Chstr Watergt St Loc,53.19030,-2.89243
Estbrn Vctria Dr Loc,50.77788,0.25543
Ecls Gildabrk Rd Loc,53.48801,-2.32932
Sfld Bradway Rd Loc,53.31917,-1.50227
Oxfd Headington Loc,51.75961,-1.21259
Twknhs Whtn H St Loc,51.45144,-0.35767
Sfld Barber Rd Loc,53.38587,-1.49461
Rshdn Hgh St Sth Loc,52.28576,-0.59484
Sfld Greystones Loc,53.36281,-1.50845
Ltcwth Eastcheap Loc,51.97760,-0.22839
Kntsfrd Cante Pl Loc,53.30513,-2.37597
Cmbrg St Andrews Loc,52.20287,0.12462
Gla Dundas St Loc,55.86201,-4.25205
Wldstone High St Loc,51.59342,-0.33493
Soton Burgess Rd Loc,50.93830,-1.39087
Tynmth Broadway Loc,55.02539,-1.43598
Tnbrge Shpbourne Loc,51.21588,0.28228
Hsmith Nth End C Loc,51.49223,-0.20725
Gldfd Wrplsdn Rd Loc,51.25309,-0.59160
Barry Park Crsnt Loc,51.40120,-3.28817
Ealng Nthfld Ave Loc,51.50006,-0.31490
Enfield Ldn Rd Loc,51.64580,-0.08051
Estbrne Seaside Loc,50.77278,0.29510
Notts Carlton St Loc,52.95366,-1.14458
Mchstr Oxford Rd Loc,53.46320,-2.22999
Sl Washway Rd Loc,53.42058,-2.33042
Ealing Uxbrdg Rd Loc,51.50998,-0.28753
S'end S'chrch Rd Loc,51.54065,0.73043
Southfields Stn Loc,51.44454,-0.20716
Fkwl Hth Strt Bt Loc,51.60135,-0.71008
Lgh OS London Rd Loc,51.54865,0.64883
Leeds Station Loc,53.79564,-1.54777
Lwshm Grv Pk Stn Loc,51.43173,0.02104
Swansea Uplands Loc,51.61795,-3.96596
Charlton Station Loc,51.48662,0.03239
SSea Palmrstn Rd Loc,50.78427,-1.08859
Nwcstl Falcnr St Loc,54.97487,-1.60328
Gla Klvnhgh St Loc,55.86517,-4.28618
Mkt Dytn Sbry Rd Loc,52.89989,-2.50033
Edr Bernard St  Loc,55.97595,-3.16891
Keynsham Mrkt Pl Loc,51.41438,-2.49714
Fncly Rgnts Pk R Loc,51.60055,-0.19503
Ctby St Dnstn St Loc,51.28256,1.07398
Wnswth Bllvue Rd Loc,51.44416,-0.16737
Fbury Pk Blkstck Loc,51.56410,-0.10302
Ldbrke Grve Stn Loc,51.51771,-0.21041
Liverpool Bld St Loc,53.40218,-2.97604
Bnsly Rdbrook Rd Loc,53.56071,-1.50815
Hrgt Leeds Rd Loc,53.97879,-1.53423
Livrpl Elliot St Loc,53.40666,-2.97998
Nwcstl Cntrl Stn Loc,54.96878,-1.61780
Biggar High St Loc,55.62366,-3.52525
Wdfrd Grn Brdway Loc,51.60796,0.03376
Ldn Euston Stn Loc,51.52748,-0.13416
Gla Grt Wstrn Rd Loc,55.87310,-4.27404
Edr Morngside Rd Loc,55.92668,-3.20943
Hkny Hoxton Stn Loc,51.53027,-0.07700
Nwcstl Heaton Rd Loc,54.98202,-1.58130
Lymm The Cross Loc,53.38091,-2.47772
Crdf Bay Bute St Loc,51.46464,-3.16487
Knstn Addison Rd Loc,51.49721,-0.20504
Brstl Whtladies Loc,51.46917,-2.61436
Hdgly North Lane Loc,53.82038,-1.58098
Ryns Pk Wrple Rd Loc,51.41056,-0.22976
Nw Mls Trr Tp St Loc,53.36673,-2.00112
Ldn Bell Lane Loc,51.51776,-0.07632
Wstmstr Rcstr Rw Loc,51.49572,-0.13570
Nw Crs Lwsham Wy Loc,51.47509,-0.03481
Mdenhd King St Loc,51.51959,-0.72136
Swnsea Gower Rd Loc,51.61834,-3.98605
Crdf Whtchrch Rd Loc,51.50128,-3.18818
Lmhse Comrcl Rd Loc,51.51290,-0.04281
Shfld Eclsall Rd Loc,53.36854,-1.49812
Leics Nrbrogh Rd Loc,52.62460,-1.15216
Wlvrhmtn Intrcng Loc,52.58623,-2.12220
Leics Granby St Loc,52.63209,-1.12708
Ldn Clrknwell Rd Loc,51.52217,-0.10996
Eswd Notnghm Rd Loc,53.01410,-1.29406
Conisbrough Loc,53.48223,-1.23141
Wstclf Hmlt Crt Loc,51.53974,0.69373
Fbury Pk Strd Gn Loc,51.56647,-0.10762
Brxtn Lambert Rd Loc,51.45542,-0.11964
Bscmb Waltham Rd Loc,50.73440,-1.81768
Leeds Street Lne Loc,53.84456,-1.51663
Abrdn Holburn St Loc,57.13966,-2.11427
Gla Shawlands Loc,55.82830,-4.28419
Ewell Cheam Rd Loc,51.34885,-0.24852
Wdswt E'Ptny Stn Loc,51.45914,-0.20916
Morden Centrl Rd Loc,51.39514,-0.19413
Ptsmth Gldhal Wk Loc,50.79666,-1.09243
Edr Shandwick Pl LL,55.94970,-3.20961
S Cdfld Bldmr Rd Loc,52.54956,-1.84185
Lytnstn Chrh Lne Loc,51.56831,0.00959
Clpm Pk Kings Av Loc,51.44944,-0.13080
Pchvn Sth Cst Rd Loc,50.79120,0.00064
Marshalswick Loc,51.76295,-0.30741
Lwr Richmond Rd Loc,51.46740,-0.22093
Gla Woodlands Loc,55.86907,-4.27301
Hrly Bonhurst Rd Loc,51.18451,-0.16422
Blhm Nghtngle Ln Loc,51.45175,-0.15278
Blsll Knlwyh Rd Loc,52.39920,-1.65509
Drtwch Wrcstr Rd Loc,52.26012,-2.15306
Newbry Andovr Rd Loc,51.38092,-1.34155
Rawdn Apprly Ln Loc,53.85801,-1.69043
Clcstr Layer Road Lo,51.87989,0.88579
Hlms Cpl The Sqe Loc,53.20237,-2.35793
East Croydon Stn Loc,51.37500,-0.09109
Stfrd East Vlge LL,51.54687,-0.00770
Edn Mrchmnt Rd Loc,55.93611,-3.19460
Wgstn Lecstr Rd Loc,52.59502,-1.11088
Cannon St Stn Loc,51.51120,-0.08885
Canada Water Stn Loc,51.49855,-0.04959
Clevedon Hill Rd Loc,51.44281,-2.85753
Stkw Brmdsy Spa loc,51.49570,-0.07412
Bermondsey Statn Loc,51.49820,-0.06140
Swk Tw Brdge Rd Loc,51.50304,-0.07737
Bxhth Bramptn Rd Loc,51.47368,0.12672
Clapham Nrth Stn Loc,51.46551,-0.12925
York Piccadilly Loc,53.95800,-1.07996
Hrtfd Chester Rd Loc,53.25037,-2.53818
Sly Oak Brstl Rd Loc,52.44598,-1.93192
Sthns Milflds Rd Loc,53.45235,-2.76962
Wkgm Ashrdge Rd Loc,51.41788,-0.82486
Stwk Grt Dovr St Loc,51.49746,-0.08993
Wort Ltlhmptn Rd Loc,50.83026,-0.39639
Brchingtn Stn Rd Loc,51.37607,1.30357
Prstn Fishergate Loc,53.75768,-2.70251
Worcs Barbrne Rd Loc,52.20420,-2.22664
Npt John Frst Sq Loc,51.58597,-2.99301
Ghm Gillinghm Rd Loc,51.38569,0.55738
Gls Batlfield Rd Loc,55.82607,-4.26516
Wstclif Londn Rd Loc,51.54492,0.68757
Leeds Ryl Prl loc,53.81092,-1.57148
Bingley Main Str Loc,53.84791,-1.83787
Leeds Vicar Lane Loc,53.79780,-1.53992
Alsby Cmbrne Ave Loc,51.80589,-0.78500
Kintore Midmill Loc,57.22650,-2.34613
Srds Bsh Blmfntn Loc,51.51064,-0.23521
The Cty Blkfrs S Loc,51.51244,-0.10387
Brstl Union St Loc,51.45731,-2.59088
Clndle Grahme Pk Loc,51.59704,-0.24488
Glasgow Byres Rd Loc,55.87089,-4.29866
Borough Long Lne Loc,51.49949,-0.08585
Holmfrth Mkt Wlk Loc,53.57116,-1.78655
Huknl Watnall Rd Loc,53.02641,-1.21954
Rvshd Ntngham Rd Loc,53.09189,-1.17724
Ware Star Street Loc,51.81012,-0.02841
Bsgv Strbrdge Rd Loc,52.34656,-2.06046
Chip Statin Hill Loc,51.46162,-2.11691
S shld Stnhpe Rd Loc,54.98192,-1.43100
Hull Jameson Str Loc,53.74455,-0.34219
Brstl Nags Hd Hl Loc,51.45461,-2.52588
Drhm North Rd Loc,54.77655,-1.57969
Hackney City Rod Loc,51.52796,-0.08967
Crewe Loc,53.08898,-2.44136
Mnchstr Stn Apch Loc,53.47947,-2.23291
Nuthall Rd Loc,52.97796,-1.19105
Bawtry High Stre Loc,53.43098,-1.02008
Edn Earl Grey St Loc,55.94398,-3.20441
Edn Causewayside Loc,55.93785,-3.18157
Grnwh Woolwch Rd Loc,51.48613,0.00948
Blvdre Nuxley Rd Loc,51.48177,0.14478
Mply Brech Hl Rd Loc,52.98390,-1.12258
Stncfd Walsal Rd Loc,52.58966,-1.84707
Acklam Rd Loc,54.55274,-1.26271
Avenue Loc,54.53011,-1.08028
Billingham Loc,54.61164,-1.30890
Bishopsgarth Loc,54.57802,-1.36070
Brandon Loc,54.74710,-1.63748
Broughton Ave Loc,54.54314,-1.21591
Chester le St Loc,54.85440,-1.58184
Clifton Rd Loc,54.52111,-1.55035
Cobblers Hall Loc,54.62911,-1.58009
Coundon Loc,54.66072,-1.62614
Crescent Rd Loc,54.56705,-1.24727
Corporation Rd Loc,54.53185,-1.56038
Dormanstown Loc,54.60767,-1.09781
Durham Rd Loc,54.66171,-1.55770
Eaglescliffe Loc,54.51976,-1.35892
East Boldon Loc,54.94590,-1.42273
Eston Loc,54.55417,-1.14690
Ferryhill Loc,54.68852,-1.54259
Framwellgate Loc,54.79518,-1.59047
Hartlepool Loc,54.68817,-1.21938
Horden Loc,54.76112,-1.31472
Hunters Hill Loc,54.52644,-1.05529
Linthorpe Road Loc,54.57099,-1.23827
Marske Loc,54.59235,-1.01997
Netherfields Loc,54.55461,-1.17838
Peterlee Loc,54.75688,-1.35393
Premier Loc,54.56294,-1.36188
Redcar Loc,54.59354,-1.07024
Ectn New Mill St Loc,53.64620,-2.72345
Ryton Loc,54.97264,-1.76457
Saltersgill Loc,54.54963,-1.23308
Seaham Loc,54.84509,-1.33886
Simonside Loc,54.96950,-1.45270
Skelton Loc,54.56111,-0.96972
Teesdale Loc,54.56045,-1.30428
Thornaby Loc,54.54527,-1.29860
Westbury Loc,54.55466,-1.29916
Greenstones Rd Loc,54.60019,-1.05725
Bghm Priry Qnswy Loc,52.48240,-1.89439
Chilwell Loc,52.91973,-1.24064
Edr Whitehse Rd Loc,55.96150,-3.30584
Brghtn Carden Av Loc,50.86223,-0.13579
Abrdn George St Loc,57.15225,-2.10430
Gla Pollokshlds Loc,55.83736,-4.27575
Brnhst Erith Rd Loc,51.46688,0.15811
Notts Park St Loc,52.95160,-1.17259
Brghtn North St Loc,50.82365,-0.14239
Lncn Carholme Rd Loc,53.23112,-0.55082
Oxford Cwly Rd Loc,51.74783,-1.23754
Brghtn Old Stein Loc,50.82124,-0.13631
Ryde IOW Unin St Loc,50.73125,-1.16175
Clifton Way Loc,52.54358,-1.38795
Acre St Loc,53.65846,-1.82174
Alverthorpe Rd Loc,53.68398,-1.51901
Anlaby Loc,53.74474,-0.42966
Anlaby Park Loc,53.74447,-0.40807
Beckfield Lane Loc,53.95773,-1.13489
Bethune Ave Loc,53.73002,-0.41701
Beverley High Rd Loc,53.76860,-0.35340
Bishopthorpe Rd Loc,53.95081,-1.08539
Blossom St Loc,53.95435,-1.09352
Branston Loc,52.78776,-1.65114
Brecks Loc,53.42028,-1.30692
Bricknell Ave Loc,53.76758,-0.38822
Brough Loc,53.72751,-0.57346
Burton Stone Ln Loc,53.97281,-1.08722
Calverton Loc,53.03690,-1.08228
Chanterlands Loc,53.75438,-0.37344
Cleethorpes Loc,53.55973,-0.03163
Cold Bath Rd Loc,53.98957,-1.54817
Cottingham Loc,53.78076,-0.41382
Crofton Loc,53.65502,-1.42719
Edgehill Rd Loc,54.26371,-0.41642
Farm St Loc,52.91477,-1.48486
Farnley Loc,53.79223,-1.61820
Fulford Loc,53.94639,-1.07403
Garforth Loc,53.79372,-1.38850
Gateford Rd Loc,53.31972,-1.13166
Gleadless Loc,53.34515,-1.42589
Gloucester Cres Loc,52.58704,-1.13414
Great Horton Rd Loc,53.79060,-1.76296
Greenwood Ave Loc,53.78202,-0.37692
Grovehill Rd Loc,53.84364,-0.41279
Hall Rd Loc,53.77584,-0.38509
Kings Rd Loc,54.00310,-1.53757
Hessle Rd Loc,53.73497,-0.36602
Hinckley Rd Loc,52.62458,-1.21614
Hyde Park Loc,53.81252,-1.56901
Immingham Loc,53.61254,-0.22224
Ings Rd Loc,53.77514,-0.30335
Intake Loc,53.52714,-1.10533
Kedleston Rd Loc,52.93182,-1.49030
Sthm Mitcham Lne Loc,51.42508,-0.14078
Kippax Loc,53.77462,-1.37476
Knaresborough Loc,54.00762,-1.46553
Lenton Boulevard Loc,52.94871,-1.17470
Lupset Loc,53.67774,-1.53381
Malton Loc,54.13700,-0.79910
Mickleover Loc,52.90778,-1.54389
Middleton Park Loc,53.74739,-1.54748
Monk Bretton Loc,53.56847,-1.44717
Morley St Loc,52.92436,-1.50307
Mytholmroyd Loc,53.73097,-1.98326
Nether Edge Loc,53.35986,-1.48860
Newhall Loc,52.78553,-1.57529
Newington Loc,53.74362,-0.37357
Newland Ave Loc,53.76385,-0.35849
Normanton Loc,53.68906,-1.41582
Nuns St Loc,52.92598,-1.48951
Osbaldwick Loc,53.95647,-1.03378
Princes Ave Loc,53.75442,-0.36009
Pudsey Loc,53.79273,-1.66881
Clarendon Park Loc,52.61782,-1.11747
Racca Grn Loc,53.70749,-1.23817
Rochdale Rd Loc,53.71525,-1.89747
Royston Loc,53.60095,-1.44707
Smawthorne Lane Loc,53.72090,-1.35386
South Parade Loc,53.67516,-1.56192
Ramshill Rd Loc,54.27318,-0.40261
Spring Bank Loc,53.74984,-0.35399
Sprotbrough Loc,53.52359,-1.15919
Stainbeck Rd Loc,53.83131,-1.55499
Staincliffe Loc,53.70478,-1.64975
Sunnyside Loc,53.43057,-1.27773
Sutton Park Loc,53.78380,-0.34355
Truro Court Loc,53.37476,-1.46545
Welholme Rd Loc,53.55940,-0.07365
Weston St Loc,53.38359,-1.48764
Willerby Loc,53.75673,-0.44637
Wold Rd Loc,53.75704,-0.40893
Prospect Loc,53.32026,-1.11096
Yeadon Loc,53.87052,-1.69258
Boston Manor Loc,51.49682,-0.32565
Rugby Town Loc,52.37217,-1.25628
Shafton Loc,53.59224,-1.40808
Notts Woodbrh Rd Loc,52.97607,-1.13548
Gallowgate Loc,54.97425,-1.61802
Burton Town Loc,52.81372,-1.63578
Hhth Wivlsfld Rd Loc,50.99131,-0.09973
Derby Rd Loc,52.92717,-1.27872
Merrion Centre Loc,53.80145,-1.54487
The Forge Loc,53.37162,-1.47670
Brns White Hrt L Loc,51.47052,-0.25533
Aldershot Ash Rd Loc,51.24180,-0.74308
Bermondsey Sq Loc,51.49758,-0.08040
Hampton Hill Loc,51.42677,-0.35573
Winton Loc,50.74507,-1.87807
Tooting Bec Loc,51.43538,-0.15728
Gshott Headly Rd Loc,51.11048,-0.75200
Poole Town Loc,50.71380,-1.98609
Hastings St'n Pl Loc,50.85759,0.57833
Alsager Loc,53.09622,-2.30654
Wworth StJohns H Loc,51.46009,-0.17727
Farnham Common Loc,51.55563,-0.61553
Eagle Parade Loc,53.25589,-1.91558
Forest Hall Loc,55.02134,-1.56694
Pudsey Town Loc,53.79597,-1.66456
Leics Hamilton Loc,52.66028,-1.06822
Inverkip Loc,55.91052,-4.86419
Edr Quartermile Loc,55.94391,-3.19189
Whitecroft Rd Loc,52.69540,-2.73932
Middle Warren,54.70691,-1.24887
Birchfields Rd,53.44385,-2.20438
Penwortham Loc,53.74092,-2.73981
Balderton,53.05394,-0.78408
Welshpool,52.66117,-3.15016
Gorseinon,51.66948,-4.04271
Ponteland,55.04970,-1.73907
Giffnock Fenwick Loc,55.80188,-4.29554
Haltwhistle,54.97173,-2.45874
Littleborough Loc,53.64480,-2.09732
Avenue Rd Loc,51.46277,0.13182
London Queensway Loc,51.51213,-0.18767
Blckpl Whitegate Loc,53.81621,-3.03641
Gornal Wood Loc,52.51755,-2.13181
Freshwater Loc,50.68237,-1.52448
Hayling Island Loc,50.78748,-0.97655
Selkirk Loc,55.54883,-2.83894
Bethnal Grn Loc,51.52704,-0.05593
Bath Southgate Loc,51.37815,-2.35894
Stratf Romfrd Rd Loc,51.54408,0.01313
Brghtn Prestn Pk Loc,50.84378,-0.15192
Plmrs Grn Grn Ls Loc,51.61987,-0.10647
Edr South Clerk Loc,55.94081,-3.18052
L'don Wood Green Loc,51.59677,-0.10887
Flhm Landrdge Rd Loc,51.47278,-0.20877
Holloway Road Loc,51.55355,-0.11378
Brstl Gl'ster Rd Loc,51.47084,-2.59362
Rumny Newport Rd Loc,51.50854,-3.13304
Setn Crw Stn Lne Loc,54.65911,-1.19964
Crdf Woodv'le Rd Loc,51.49417,-3.17685
Paignton Tqay Rd Loc,50.44410,-3.56390
Shfld Arundel Gt Loc,53.37897,-1.46810
Greenwich Hgh Rd Loc,51.47908,-0.01118
Ldn Cornhill Loc,51.51357,-0.08436
Stckwl Clpham Rd Loc,51.47042,-0.12506
H'wall Pensby Rd Loc,53.33528,-3.09743
Dntn Brn Whckhm Loc,54.97985,-1.68928
Birmgham Colmore Loc,52.48211,-1.89787
Ldn Uppr Rchmond Loc,51.46192,-0.22189
Bath Oldfield Pk Loc,51.37676,-2.37854
Horwich Loc,53.60035,-2.54691
Bsly Guildfrd Rd Loc,51.32687,-0.63863
Romiley Loc,53.41374,-2.08691
Glebe Centre,54.58956,-1.32443
Gla Victoria Loc,55.83525,-4.26581
Cheltnhm Bath Rd Loc,51.89012,-2.07879
Edr Corstorphine Loc,55.94245,-3.28177
Gla Queen St Loc,55.85905,-4.25190
Bedford Place Loc,50.91242,-1.40620
Bridge St Loc,52.19242,-1.70515
Harold Hill Loc,51.60606,0.21893
Wndswrth Old Yrk Loc,51.45990,-0.18873
Warwick CotenEnd Loc,52.28429,-1.57766
Queens Park Loc,51.53729,-0.20630
Gt Portland St Loc,51.52192,-0.14334
Dorchester Loc,50.71387,-2.44814
Exeter SidwellSt Loc,50.72600,-3.52631
Worksop Town Loc,53.30361,-1.12833
Carlisle Stanwix Loc,54.90659,-2.93678
Ldn Askew Road Loc,51.50175,-0.24118
Bradfd Kghly Rd Loc,53.81602,-1.77369
Rochford West St Loc,51.58254,0.70360
Stoke Newington Loc,51.55979,-0.07383
Earlsfield LL,51.44216,-0.18718
Bootham Loc,53.96367,-1.08611
West Norwood Loc,51.43413,-0.10400
Kentish Town Loc,51.55029,-0.14115
Sandown Loc,50.65420,-1.15448
Henley Loc,51.53803,-0.90517
Abrdn Rosemount Loc,57.14990,-2.11483
Sheringham Loc,52.94398,1.21111
Gilesgate Loc,54.77903,-1.55476
Oxfd St Clements Loc,51.75043,-1.24438
Barnet High St Loc,51.65544,-0.20142
Hale Ashley Rd Loc,53.37599,-2.34433
Addiscombe Loc,51.38096,-0.07199
Hove Portland Rd Loc,50.83335,-0.18404
Ldn East Dulwich Loc,51.45004,-0.07500
Penarth Winr Rd Loc,51.43906,-3.17561
Ldn Patern'r Sqr Loc,51.51485,-0.09921
Brstl Hippodrome Loc,51.45273,-2.59640
Brstl Broadmead Loc,51.45819,-2.58680
Sedgley Park Loc,53.51854,-2.27216
Clapham Old Town Loc,51.46367,-0.14091
Wetherby Loc,53.93015,-1.38941
Tooting Mit Rd Loc,51.42314,-0.16111
Ldn Arnos Grove Loc,51.61640,-0.13568
Drlngtn Duke St Loc,54.52524,-1.56171
Wtlybay Park Ave Loc,55.04235,-1.44676
Crdf St Marys Loc,51.47961,-3.17935
Shfld Crookes Loc,53.38518,-1.50786
A'bury Oakfield Loc,51.81583,-0.79007
GGrn Accomdtn Rd Loc,51.57204,-0.19720
Abrdn Union St Loc,57.14494,-2.10560
Abrdn St Nich Loc,57.14818,-2.09914
High Rd Ilford Loc,51.55920,0.07527
Hove Western Rd Loc,50.82590,-0.16120
Gants Hill Crbrk Loc,51.57609,0.06573
Chandos Rd Loc,51.99681,-0.98552
Edr West Port Loc,55.94597,-3.20120
Gla George St Loc,55.86068,-4.24385
Carsh'tn High St Loc,51.36518,-0.16078
Petts W'd Stat'n Loc,51.38971,0.07552
Weyb'ge Temp' Mk Loc,51.37090,-0.45055
Edr Stockbridge Loc,55.95861,-3.20956
Cr'don George St Loc,51.37399,-0.09636
Ldn Wimb'n B'Way Loc,51.41940,-0.20013
Ldn Crouch Hill Loc,51.57041,-0.11492
Enfield Bush Prk Loc,51.64179,-0.06917
Ldn Haydons Road Loc,51.42011,-0.18719
A'frd New Parade Loc,51.43435,-0.46586
Notts Wheeler Gt Loc,52.95254,-1.14965
Mchstr Withingtn Loc,53.43341,-2.22922
Bham Nvgation St Loc,52.47771,-1.90206
Nthp Well Bro Rd Loc,52.24196,-0.87848
London City Road Loc,51.52481,-0.08741
Roseberry Centre Loc,54.60245,-1.07608
Mnchstr Cross St Loc,53.48208,-2.24466
Shdch Old Street Loc,51.52662,-0.08405
Rdinton Wlfrd Rd Loc,52.89328,-1.14957
Wstbrn Pk Hrw Rd Loc,51.52397,-0.20083
Clpm Abblle Rd Loc,51.45425,-0.13982
Rgby Hillmrtn Rd Loc,52.35924,-1.22842
Fm Wdswrth Br Rd Loc,51.47236,-0.19187
West Hampstead Loc,51.55004,-0.19114
Gomersl Oxfrd Rd Loc,53.73024,-1.68424
Rsyth Admrlty Rd Loc,56.03707,-3.43807
Th Commercial Rd Loc,51.51440,-0.05449
Strlng Kngs Mall Loc,56.11848,-3.93562
Bhrst Brookly Rd Loc,50.81932,-1.57757
Ruislip High Str Loc,51.57551,-0.42610
Ncl Nrthmbrld St Loc,54.97616,-1.61329
Aberdeen Cove loc,57.10548,-2.09548
Islewrth Lndn Rd Loc,51.47495,-0.33841
Pk Gte Bridge Rd Loc,50.87188,-1.26761
Wcstr Foregte St Loc,52.19467,-2.22152
Crydn Thorntn Rd Loc,51.39170,-0.11892
Mlvrn Butrcup Wk Loc,52.13293,-2.33412
Ldn Hlbrn Circus Loc,51.51806,-0.10848
Bolton Darwen Rd Loc,53.61465,-2.41779
Clctn St Jhns Rd Loc,51.80320,1.12429
Mdstn Tnbrdge Rd Loc,51.26634,0.48474
Abdn Nth Deeside Loc,57.11769,-2.17596
Stockwell Statin Loc,51.47275,-0.12283
Cambrdge Mill Rd Loc,52.20023,0.13647
Bgh Gn Wrothm Rd Loc,51.29352,0.30758
Flxtn Wdsnd Circ Loc,53.45268,-2.39431
Goring goring Rd Loc,50.81202,-0.42300
Mnchstr First St Loc,53.47332,-2.24797
Blngshst High St LL,51.02322,-0.45188
Lhm Loampit Vale Loc,51.46441,-0.01540
Brghtn Queens Rd Loc,50.82681,-0.14221
Bsdn Mlngavie Rd Loc,55.91462,-4.32162
Shrwsby Aby Fgte Loc,52.70532,-2.73338
Rmd Friars Stile Loc,51.45511,-0.29693
Bradford Broadwy Loc,53.79433,-1.75090
Kut Upper Ham rd Loc,51.43129,-0.30735
Hook Road Chsgtn Loc,51.36740,-0.30715
Ednbrgh Shrubhil LL,55.96280,-3.17959
Frntn Conught Av Loc,51.83291,1.24543
Cpthth Bdmntn Rd Loc,51.52957,-2.46524
Bhmwd Shenley Rd Loc,51.65421,-0.27953
Mordn Martin Way Loc,51.40269,-0.20993
Istn St Pauls Rd Loc,51.54605,-0.10111
Putney Dyers Lne Loc,51.46404,-0.23304
Bdfrd Grt Denham Loc,52.12766,-0.51077
Whitstble Hgh St Loc,51.35920,1.02407
Clhm Cirncstr Rd Loc,51.88084,-2.05544
Glsgow Argyle St Loc,55.85809,-4.25601
Fleet Aldrsht Rd Loc,51.27687,-0.82191
Lhm Brockley Stn Loc,51.46454,-0.03669
Didct Wantage Rd Loc,51.60542,-1.25407
Ednbrgh Nclsn St Loc,55.94588,-3.18448
Calder Park Local,53.65548,-1.52383
Blackford Bridge Loc,53.57080,-2.29388
Bee Hive Has Rd Loc,53.73044,-2.45188
Heathrow North Loc,51.49617,-0.44638
Crntn Way Mil Fm Loc,53.73011,-2.45354
Holtspur Oxd Rc Loc,51.59916,-0.67034
Cmbrdge Statn Rd Loc,52.19482,0.13498
Stckpt Stn Gc Sq Loc,53.40691,-2.16093
Hexham Rotary Way Local,54.97938,-2.09069
Batrsea Rvrlight LOC,51.48122,-0.13846
Cvnty Fr Gsfd St Loc,52.40727,-1.49840
Menstn Brdfrd Rd Loc,53.88975,-1.73042
Lghtn Church Hil Loc,51.65510,0.06601
Lvrsdge Hsfld Rd Loc,53.69719,-1.69869
Bilrcy Radfrd Wy Loc,51.63107,0.40985
Peckhm Queens Rd Loc,51.47376,-0.05889
Ednbrgh Crghl Rd Loc,55.97676,-3.19687
Enfld Lancstr Rd Loc,51.66356,-0.07963
Bebingtn Kngs Rd Loc,53.35656,-3.02542
Curie Lanrk Rd W Loc,55.89929,-3.29750
